region,working_age,purchasegroup,chargeoffamt,chargeoffamt_present,judgment_active,acct_post_judgment,judgment_amount,judgment_amount_present,days_between_chargeoff_and_judgment,agency_ever,legal_ever,wage_garnishable_state,bank_account_found,FT_job_found,PT_job_found,verification_completed,contains_judgment_image,days_between_chargeoff_and_min_pay_date,days_between_judgment_and_min_pay_date,avg_days_between_payments,avg_monthly_payment(duration>=365days),avg_pay_to_chargeoff_ratio,avg_pay_to_judgment_ratio,closed_w_max_pmt_within_5_yrs_of_min_pmt
west,1,Dormant Judgment,,0,0,1,2878.66,1,600.0,1,0,1,0,0,0,0,1,2154.0,1554.0,0.0,,,0.30031565613862005,1
west,1,Dormant Judgment,,0,0,1,1549.43,1,1120.0,1,0,1,0,0,0,1,0,2068.0,948.0,30.5,,,0.08067482880801327,1
midwest,1,Dormant Judgment,,0,0,1,1674.91,1,1832.0,1,1,1,0,0,0,1,1,6946.0,5114.0,103.8571,106.2836627,,0.21682359052128175,1
southeast,0,Dormant Judgment,,0,1,1,1639.44,1,534.0,1,0,1,0,0,0,1,1,1040.0,506.0,47.4,,,0.030498218904016005,0
midwest,1,Dormant Judgment,,0,0,1,2881.63,1,990.0,1,1,1,0,1,0,1,1,2106.0,1116.0,187.0,38.35630157,,0.08199699475643993,0
midwest,1,Dormant Judgment,,0,0,1,3545.59,1,533.0,1,0,1,0,0,0,1,1,636.0,103.0,0.0,,,0.048620962942697826,0
midwest,1,Dormant Judgment,,0,0,1,5010.4,1,866.0,0,1,1,0,1,0,1,0,6480.0,5614.0,9.0357,,,0.05596145730879771,1
northeast,1,Dormant Judgment,,0,1,1,1526.62,1,1201.0,1,1,1,1,0,1,1,0,2129.0,928.0,936.4,12.27300693,,0.24738441786430154,0
northeast,1,Dormant Judgment,,0,1,1,3182.42,1,1410.0,1,1,1,0,0,0,1,1,1830.0,420.0,29.12,54.51229123,,0.016410530351116445,0
midwest,1,Dormant Judgment,2853.47,1,0,1,3015.47,1,1587.0,1,1,1,1,0,0,0,1,4004.0,2417.0,0.0,,0.7009010082461005,0.663246525417265,1
southeast,1,Dormant Judgment,,0,1,1,2245.1,1,1704.0,1,1,1,0,0,0,0,1,3762.0,2058.0,17.1,,,0.08874682642198566,1
southeast,1,Dormant Judgment,1967.08,1,0,1,1967.08,1,204.0,1,1,1,1,0,0,0,1,3948.0,3744.0,0.0,,2.367565121906582,2.367565121906582,1
southeast,1,Dormant Judgment,3400.3,1,0,1,3557.8,1,583.0,1,1,1,0,0,1,1,1,6563.0,5980.0,0.0,,0.5881833955827427,0.5621451458766653,1
southeast,1,Dormant Judgment,,0,1,1,2612.49,1,1159.0,1,0,1,0,0,0,1,1,4050.0,2891.0,0.0,,,0.02004983751133976,0
southeast,1,Dormant Judgment,,0,1,1,1971.68,1,1142.0,0,1,1,0,1,0,1,1,5356.0,4214.0,13.6818,,,0.10520907875517325,1
midwest,1,Dormant Judgment,,0,0,0,600.0,1,1149.0,0,1,1,0,1,0,0,1,1716.0,567.0,927.3333,7.633588661,,0.3876944445,0
northeast,1,Dormant Judgment,1279.28,1,0,1,1528.14,1,764.0,1,1,1,1,1,0,0,0,3710.0,2946.0,283.7273,19.54753443,0.14248355606278532,0.11927988508906251,0
northeast,1,Dormant Judgment,,0,1,1,1359.47,1,918.0,0,1,1,0,1,0,1,0,5580.0,4662.0,22.5,,,0.3143063105474928,1
northeast,1,Dormant Judgment,,0,1,1,4757.12,1,1289.0,1,0,1,0,0,0,1,0,2111.0,822.0,0.0,,,0.04068638167630836,0
northeast,1,Dormant Judgment,,0,1,1,1142.79,1,1785.0,1,0,1,0,0,0,1,0,5994.0,4209.0,0.0,,,0.09928333289580762,0
southeast,1,Dormant Judgment,,0,1,1,22802.69,1,2503.0,1,1,1,0,0,0,0,1,3351.0,848.0,6.9359,396.583566,,0.00396506300616287,0
northeast,1,Dormant Judgment,,0,1,1,1816.85,1,843.0,1,1,1,1,0,0,0,1,2146.0,1303.0,0.0,,,0.649151003109778,1
northeast,1,Dormant Judgment,608.99,1,1,1,1239.18,1,706.0,1,1,1,0,0,0,0,1,1873.0,1167.0,28.0,,0.5611955861344192,0.2757973014412757,1
northeast,1,Dormant Judgment,7947.94,1,1,1,9420.6,1,860.0,1,1,1,0,0,0,0,1,3726.0,2866.0,0.0,,0.4089109882560764,0.3449886419124047,1
west,1,Dormant Judgment,1936.29,1,0,1,2675.19,1,966.0,1,1,1,0,0,0,0,1,2751.0,1785.0,9.7619,,0.0996480997164681,0.07212482814304778,1
northeast,1,Dormant Judgment,,0,1,1,1046.41,1,838.0,1,1,1,1,1,0,0,1,2609.0,1771.0,37.25,,,0.13570445618830093,1
southwest,1,Dormant Judgment,,0,0,1,14240.06,1,591.0,1,1,1,0,0,0,1,1,2418.0,1827.0,17.7407,490.1512675,,0.020076607739012334,1
northeast,1,Dormant Judgment,910.79,1,1,1,1233.11,1,1011.0,1,1,1,0,1,0,0,1,3442.0,2431.0,0.0,,1.8884704487313213,1.394847175028992,1
southwest,1,Dormant Judgment,2113.92,1,0,1,2521.36,1,1327.0,1,0,0,0,0,0,0,1,3101.0,1774.0,20.3333,,0.2561875567665758,0.21478884411587393,1
southeast,1,Dormant Judgment,1373.58,1,1,1,1867.63,1,1445.0,1,1,1,0,0,0,0,1,2808.0,1363.0,17.3077,,0.14088619628998675,0.10361713053442062,1
southeast,1,Dormant Judgment,,0,1,1,2774.81,1,712.0,1,1,1,0,0,0,0,1,2048.0,1336.0,36.8182,270.7873435,,0.11833865118692811,1
southwest,1,Dormant Judgment,2902.67,1,0,1,4367.54,1,1468.0,1,0,0,0,0,0,0,1,3404.0,1936.0,6.6667,,0.3244139591135058,0.2156057338227011,1
northeast,1,Dormant Judgment,697.82,1,1,1,1152.82,1,161.0,1,1,1,0,1,0,1,1,3613.0,3452.0,5.7179,,0.08473458367487317,0.05129117050363457,1
west,0,Dormant Judgment,7976.73,1,0,1,11635.87,1,1366.0,1,1,1,0,0,0,0,1,2388.0,1022.0,414.3333,396.2253917,0.6767288516723018,0.46391746667846917,1
west,1,Dormant Judgment,,0,0,1,1915.91,1,715.0,0,1,1,0,0,0,0,1,3199.0,2484.0,26.3333,,,0.2845714742863705,1
west,1,Dormant Judgment,998.17,1,0,1,2116.96,1,718.0,0,1,1,0,0,0,0,1,3092.0,2374.0,0.0,,1.025927447228428,0.4837361121608344,1
west,1,Dormant Judgment,1588.47,1,0,1,3335.0,1,1955.0,1,1,1,0,1,0,1,1,3551.0,1596.0,542.5,77.22193561,0.8668813386466223,0.41289805097451276,0
west,0,Dormant Judgment,2157.13,1,0,1,2855.82,1,990.0,0,1,1,0,0,0,0,1,2439.0,1449.0,0.0,,1.796609383764539,1.3570603189276633,1
northeast,1,Dormant Judgment,1761.3,1,1,1,1961.19,1,1064.0,1,0,1,1,0,0,0,1,2983.0,1919.0,28.5,119.5386528,0.06367424311588031,0.05718438519470321,1
southwest,1,Dormant Judgment,3475.95,1,0,1,3510.9,1,834.0,1,1,1,1,1,0,1,1,2453.0,1619.0,60.0909,135.8352927,0.07721015446137028,0.07644154957418325,1
northeast,1,Dormant Judgment,6181.85,1,0,0,6419.98,1,1673.0,1,1,0,0,0,0,1,0,2870.0,1197.0,42.6591,105.7770027,0.023994619151224954,0.02310461035704161,0
west,1,Dormant Judgment,4000.25,1,0,1,8899.42,1,3862.0,0,1,1,0,0,0,1,1,6245.0,2383.0,0.0,,2.2247159552527966,1.0,1
southwest,1,Dormant Judgment,2036.21,1,0,1,3121.69,1,1541.0,1,0,0,0,0,0,1,1,2347.0,806.0,36.8667,149.7082853,0.08921542144474293,0.05819326496224801,1
midwest,1,Dormant Judgment,5209.73,1,1,1,5209.73,1,531.0,1,1,1,1,0,0,0,0,1929.0,1398.0,119.5,,0.14463321515702351,0.14463321515702351,1
northeast,1,Dormant Judgment,3698.29,1,1,1,4332.21,1,969.0,1,1,1,0,0,0,0,1,2937.0,1968.0,13.9524,,0.06259340706110121,0.053434291366300346,1
southwest,1,Dormant Judgment,2883.21,1,0,1,4207.42,1,1183.0,1,0,0,0,0,0,0,1,2749.0,1566.0,0.0,,0.5202534674893609,0.3565130174786449,1
southwest,1,Dormant Judgment,1631.91,1,0,1,3462.16,1,1263.0,1,0,0,0,0,0,0,1,2601.0,1338.0,4.5,,0.7659736137409539,0.36104628324514176,1
northeast,1,Dormant Judgment,811.35,1,1,1,949.97,1,1310.0,1,1,1,0,1,0,0,1,3098.0,1788.0,86.75,,0.35636901460528747,0.3043675063423055,1
west,1,Dormant Judgment,,0,0,1,3407.84,1,1008.0,1,1,1,0,0,0,1,1,2121.0,1113.0,46.1818,254.5717193,,0.11356753838208365,1
midwest,1,Dormant Judgment,,0,1,1,1311.23,1,1100.0,1,1,1,0,0,0,0,1,3306.0,2206.0,3.3333,,,0.4094832079040291,1
northeast,1,Dormant Judgment,,0,1,1,14335.56,1,2517.0,0,1,1,0,1,0,1,1,3812.0,1295.0,28.0,,,0.01739165869348669,0
northeast,1,Dormant Judgment,1430.13,1,1,1,1430.13,1,1205.0,1,1,0,0,0,0,0,1,1971.0,766.0,0.0,,1.0015523064336807,1.0015523064336807,1
southwest,1,Dormant Judgment,,0,0,1,4765.29,1,657.0,1,1,0,0,0,0,1,1,3338.0,2681.0,0.0,,,0.6171334798092036,1
southeast,1,Dormant Judgment,2140.24,1,0,1,1389.46,1,890.0,1,0,1,0,0,0,0,1,3334.0,2444.0,10.3333,,0.20252868837139762,0.3119629208469477,1
west,1,Dormant Judgment,3426.85,1,0,1,4138.03,1,396.0,1,1,1,0,1,0,0,1,4238.0,3842.0,0.0,,1.254796679165998,1.0391418138582853,1
southeast,1,Dormant Judgment,5847.34,1,1,1,6510.64,1,1288.0,1,1,1,0,1,0,1,1,4756.0,3468.0,6.9098,501.9288496,0.019510328559652765,0.017522628282319402,1
west,1,Dormant Judgment,14242.38,1,0,1,18272.58,1,735.0,1,1,1,0,0,0,1,1,2547.0,1812.0,476.0,310.0958608,0.3408587609655128,0.265678957213486,1
west,1,Dormant Judgment,3382.94,1,0,1,7000.45,1,1341.0,0,1,1,0,1,0,1,1,2105.0,764.0,22.2381,546.431949,0.11826779579300845,0.057152448356891344,1
southwest,1,Dormant Judgment,,0,0,1,3229.01,1,1310.0,1,0,0,0,0,0,0,1,4320.0,3010.0,0.0,,,0.4645386666501497,1
west,1,Dormant Judgment,,0,0,1,2492.28,1,613.0,0,1,1,0,1,0,1,1,3371.0,2758.0,104.6667,84.28588466,,0.11637001729340203,1
northeast,1,Dormant Judgment,,0,0,1,1428.31,1,1026.0,1,1,1,0,1,0,1,1,2882.0,1856.0,40.9286,119.8708749,,0.11305068829595816,1
southeast,1,Dormant Judgment,,0,1,1,2516.8,1,1701.0,0,1,1,0,1,0,1,1,4788.0,3087.0,22.1351,175.6894165,,0.050828486609980926,1
northeast,1,Dormant Judgment,,0,1,1,1968.32,1,1405.0,1,1,1,0,0,0,1,1,1460.0,55.0,0.0,,,0.10160949439115591,0
northeast,1,Dormant Judgment,,0,1,1,1147.67,1,1213.0,1,1,1,0,1,0,1,0,5106.0,3893.0,24.8,,,0.235126822170136,1
midwest,1,Dormant Judgment,1384.99,1,0,1,1565.7,1,1910.0,1,1,1,1,0,0,0,1,4513.0,2603.0,0.0,,2.4673102332868826,2.1825381618445423,1
southeast,1,Dormant Judgment,3446.87,1,1,1,1670.91,1,1476.0,1,1,1,0,1,0,0,1,3759.0,2283.0,28.1818,155.3169232,0.04178890097392707,0.08620506735850524,1
northeast,1,Dormant Judgment,10400.12,1,1,1,11581.81,1,440.0,1,1,1,0,0,0,1,0,2215.0,1775.0,526.5,19.08001389,0.03176501809594504,0.028524038988724562,0
northeast,1,Dormant Judgment,1663.59,1,1,1,2482.69,1,729.0,1,1,1,0,1,0,0,1,2751.0,2022.0,70.6667,150.5824866,0.2104034046850486,0.14098618836826182,1
northeast,1,Dormant Judgment,4089.72,1,1,1,5414.64,1,837.0,1,1,1,0,1,0,0,1,2473.0,1636.0,25.7465,156.4957712,0.032386390168520095,0.024461694147718035,0
midwest,1,Dormant Judgment,,0,0,1,1939.12,1,796.0,1,1,1,0,0,0,1,0,1749.0,953.0,45.2535,16.69584039,,0.012805285861627956,0
northeast,1,Dormant Judgment,770.95,1,1,1,1136.47,1,1666.0,1,1,1,0,1,0,0,1,4596.0,2930.0,19.3488,79.25093251,0.06542637670406641,0.04438345501421067,1
northeast,1,Dormant Judgment,1248.33,1,1,1,1690.53,1,1080.0,1,1,1,1,0,0,0,1,3446.0,2366.0,0.0,,0.4806421378962294,0.3549182800660148,1
northeast,1,Dormant Judgment,3303.44,1,1,1,3931.9,1,996.0,1,1,1,0,1,0,1,1,3956.0,2960.0,46.6389,121.0680592,0.05619117244448211,0.04720978832116788,1
northeast,1,Dormant Judgment,3815.34,1,1,1,4074.51,1,710.0,1,1,1,1,0,0,0,1,2942.0,2232.0,28.8649,127.2924313,0.031669665219875555,0.029655232285599985,1
northeast,1,Dormant Judgment,,0,0,1,5281.49,1,1161.0,1,1,1,0,1,0,1,1,2838.0,1677.0,8.8963,183.0318571,,0.01013625173956592,1
southeast,1,Dormant Judgment,3500.72,1,1,1,2091.91,1,1219.0,1,1,1,0,1,0,0,1,4088.0,2869.0,8.5385,,0.07004800769555977,0.11722228083426152,1
west,1,Dormant Judgment,,0,0,1,5211.04,1,730.0,0,1,1,0,1,0,1,1,4010.0,3280.0,17.3333,,,0.21482681211428045,1
northeast,1,Dormant Judgment,,0,0,0,3317.39,1,1267.0,1,0,1,0,0,0,1,0,1427.0,160.0,272.6667,30.21790568,,0.081626419172904,0
southeast,1,Dormant Judgment,1175.76,1,1,1,1277.76,1,539.0,1,0,1,0,0,0,0,1,574.0,35.0,0.0,,0.029767979859835342,0.027391685449536688,0
southwest,1,Dormant Judgment,1195.85,1,1,1,1241.85,1,382.0,1,0,0,0,0,0,0,1,394.0,12.0,27.4,,0.05017351674541122,0.0483150138905665,0
southwest,1,Dormant Judgment,4893.1,1,1,1,4618.1,1,2273.0,1,0,0,0,0,0,0,1,2288.0,15.0,0.0,,0.026216508961598984,0.027777657478183667,0
midwest,1,Dormant Judgment,12895.98,1,0,1,12695.98,1,604.0,1,1,1,0,1,0,1,1,24.0,-580.0,21.3265,204.8351875,0.011134643733938793,0.011310047975815966,0
southwest,1,Dormant Judgment,7279.9,1,1,1,5751.26,1,790.0,1,0,0,0,0,0,1,1,30.0,-760.0,0.0,,0.20998090633113095,0.2657921916240963,0
southwest,1,Dormant Judgment,2973.3,1,1,1,3094.3,1,523.0,1,0,0,0,0,0,1,1,12.0,-511.0,0.0,,0.2181212793865402,0.20959183013928834,0
northeast,1,Dormant Judgment,7813.84,1,1,1,8152.34,1,889.0,1,1,0,1,0,0,1,1,14.0,-875.0,0.0,,0.029757456001146685,0.028521872247722742,0
southwest,1,Dormant Judgment,7629.8,1,1,1,7629.8,1,594.0,1,0,0,0,0,0,1,1,27.0,-567.0,0.0,,0.15459776140921125,0.15459776140921125,0
southwest,1,Dormant Judgment,12464.55,1,1,1,12866.35,1,820.0,1,0,1,0,0,0,1,1,20.0,-800.0,0.0,,0.030622846392368758,0.02966653324369382,0
southwest,1,Dormant Judgment,,0,1,1,4840.51,1,1068.0,1,1,0,0,0,0,0,1,1103.0,35.0,61.3684,61.26522108,,0.025541023342581667,0
west,1,Dormant Judgment,19161.09,1,1,1,19343.91,1,637.0,1,0,1,0,0,0,1,1,12.0,-625.0,0.0,,0.08783425160050916,0.08700412688024294,0
southeast,1,Dormant Judgment,4682.06,1,1,1,6180.94,1,1380.0,0,1,1,1,0,0,1,1,1567.0,187.0,145.7143,50.15491504,0.05129177979350969,0.03885350618190761,0
southwest,1,Dormant Judgment,1365.04,1,1,1,1420.04,1,393.0,1,0,0,0,0,0,0,1,422.0,29.0,40.5556,63.20251366,0.06186224904764696,0.05946624351426721,0
southwest,0,Dormant Judgment,2262.55,1,1,1,2262.55,1,568.0,1,0,0,0,0,0,0,1,581.0,13.0,34.25,99.79344262,0.049722658062805236,0.049722658062805236,0
southwest,1,Dormant Judgment,813.48,1,1,1,906.98,1,1038.0,1,0,0,0,0,0,0,1,1064.0,26.0,29.6,,0.03073216305256429,0.027564003616397274,0
midwest,1,Dormant Judgment,2656.59,1,1,1,4161.18,1,417.0,1,1,1,0,1,0,1,1,6.0,-411.0,19.6957,38.16001122,0.009305325541389525,0.005940727096640857,0
west,1,Dormant Judgment,7540.75,1,0,1,7860.75,1,2022.0,1,1,1,0,0,0,1,1,2698.0,676.0,933.5,163.5249007,0.6654483970427344,0.6383589352161053,0
southwest,1,Dormant Judgment,6725.69,1,1,1,7041.39,1,1078.0,0,1,1,0,0,0,1,1,5.0,-1073.0,0.0,,0.033498421723273004,0.03199652341370099,0
southeast,1,Dormant Judgment,4575.16,1,1,1,4965.16,1,1710.0,1,1,1,0,0,0,1,1,24.0,-1686.0,103.7917,39.63576492,0.02955397553309611,0.027232590027310297,0
southeast,0,Dormant Judgment,5266.16,1,1,1,5678.05,1,1345.0,1,1,1,0,0,0,1,1,15.0,-1330.0,0.0,,0.18668441520956447,0.17314218789901462,0
southwest,1,Dormant Judgment,7083.76,1,1,1,7412.61,1,1321.0,0,1,0,0,0,0,1,1,16.0,-1305.0,0.0,,0.0032835669192632162,0.0031378960986750957,0
west,0,Dormant Judgment,14571.08,1,1,1,15978.21,1,85.0,1,1,1,0,0,0,1,0,4.0,-81.0,0.0,,0.10314884003107526,0.09406497974428926,0
southeast,1,Dormant Judgment,22551.72,1,1,1,22963.9,1,162.0,1,1,1,1,0,0,1,1,18.0,-144.0,73.6667,,0.36600903758116893,0.3594395260822421,0
southwest,1,Dormant Judgment,14551.9,1,1,1,14551.9,1,712.0,1,0,0,0,0,0,1,1,5.0,-707.0,0.0,,0.10126512689064658,0.10126512689064658,0
midwest,1,Dormant Judgment,10434.18,1,1,1,10678.49,1,945.0,1,0,1,0,0,0,0,1,2.0,-943.0,0.0,,0.0949149813401724,0.09274344968249257,0
northeast,1,Dormant Judgment,4116.4,1,1,1,4654.9,1,862.0,1,1,1,0,1,0,1,1,12.0,-850.0,0.0,,0.15125595180254592,0.1337579754667125,0
southwest,1,Dormant Judgment,7379.9,1,1,1,7379.9,1,834.0,1,0,0,0,0,0,1,1,19.0,-815.0,0.0,,0.14590848114473096,0.14590848114473096,0
west,1,Dormant Judgment,15809.84,1,1,1,16256.27,1,1303.0,1,0,1,0,0,0,0,1,11.0,-1292.0,0.0,,9.487762051987876e-05,9.227208947686032e-05,0
southwest,1,Dormant Judgment,9048.95,1,1,1,9048.95,1,865.0,1,0,0,0,0,0,0,0,16.0,-849.0,0.0,,0.10620237707137291,0.10620237707137291,0
west,1,Dormant Judgment,9431.35,1,1,1,9781.35,1,1090.0,1,1,1,0,1,0,1,1,4.0,-1086.0,0.0,,0.10703663844518546,0.1032066125841525,0
northeast,1,Dormant Judgment,6499.94,1,1,1,6800.94,1,856.0,1,1,1,1,0,0,1,1,27.0,-829.0,0.0,,0.12939504056960527,0.12366819880781187,0
southwest,1,Dormant Judgment,8538.68,1,1,1,8538.68,1,170.0,1,1,0,0,0,0,1,0,16.0,-154.0,0.0,,0.05386312638487448,0.05386312638487448,0
southwest,1,Dormant Judgment,13467.8,1,0,1,13769.94,1,731.0,1,1,1,0,0,0,1,0,23.0,-708.0,0.0,,0.15536613255320098,0.1519570891376433,0
midwest,1,Dormant Judgment,10344.92,1,1,1,10692.12,1,1315.0,1,0,1,0,0,0,0,0,2.0,-1313.0,0.0,,0.09588474342962536,0.09277112490319973,0
midwest,0,Dormant Judgment,12184.49,1,0,1,12075.36,1,703.0,1,0,1,0,0,0,0,0,23.0,-680.0,0.0,,0.1518192390489877,0.15319129201945117,0
southwest,1,Dormant Judgment,5852.62,1,1,1,5852.62,1,800.0,1,0,0,0,0,0,1,1,20.0,-780.0,0.0,,0.10700677645225556,0.10700677645225556,0
northeast,1,Dormant Judgment,17639.09,1,1,1,16532.09,1,479.0,1,0,0,0,0,0,0,0,9.0,-470.0,0.0,,0.3837363492107586,0.40943159636803333,0
northeast,1,Dormant Judgment,18146.25,1,1,1,19798.75,1,443.0,1,0,0,0,0,0,0,0,20.0,-423.0,0.0,,0.2783484190948543,0.255116105814761,0
southwest,1,Dormant Judgment,11870.01,1,1,1,11870.01,1,737.0,1,0,0,0,0,0,1,1,5.0,-732.0,0.0,,0.13111025180265223,0.13111025180265223,0
southwest,0,Dormant Judgment,15506.9,1,1,1,10980.22,1,861.0,1,0,0,0,0,0,0,1,31.0,-830.0,0.0,,0.34126292166712885,0.48195118130602127,0
southwest,1,Dormant Judgment,15669.94,1,1,1,15669.94,1,892.0,1,0,0,0,0,0,1,1,1.0,-891.0,0.0,,0.11852119408242788,0.11852119408242788,0
midwest,1,Dormant Judgment,5967.3,1,0,1,6090.3,1,564.0,1,1,1,1,0,0,1,1,18.0,-546.0,136.375,39.41563627,0.029622484205587118,0.02902422704957063,0
southwest,1,Dormant Judgment,18831.7,1,1,1,19319.99,1,642.0,1,1,1,0,1,0,1,1,13.0,-629.0,0.0,,0.06603333740448286,0.06436442254887295,0
southwest,1,Dormant Judgment,11683.87,1,1,1,11683.87,1,534.0,1,0,0,0,0,0,1,1,13.0,-521.0,0.0,,0.06626143563733591,0.06626143563733591,0
southwest,0,Dormant Judgment,17547.0,1,1,1,9061.31,1,795.0,1,0,0,0,0,0,0,1,31.0,-764.0,0.0,,0.529548640793298,1.0254576876853347,0
southwest,1,Dormant Judgment,9249.42,1,1,1,9249.42,1,385.0,1,0,0,0,0,0,1,0,7.0,-378.0,0.0,,0.118926375924112,0.118926375924112,0
southwest,1,Dormant Judgment,10675.44,1,1,1,10675.44,1,659.0,1,0,0,0,0,0,0,1,14.0,-645.0,0.0,,0.08432439318660402,0.08432439318660402,0
southwest,1,Dormant Judgment,8251.38,1,1,1,8251.38,1,682.0,1,0,0,0,0,0,0,0,30.0,-652.0,0.0,,0.24084940943211924,0.24084940943211924,0
southwest,1,Dormant Judgment,18390.5,1,1,1,18390.5,1,569.0,1,0,0,0,0,0,1,1,24.0,-545.0,67.25,66.12890285,0.00795474112721242,0.00795474112721242,0
southwest,1,Dormant Judgment,14625.61,1,1,1,14625.61,1,596.0,1,0,0,0,0,0,1,1,6.0,-590.0,0.0,,0.11951638256455628,0.11951638256455628,0
southwest,1,Dormant Judgment,12494.0,1,1,1,9541.8,1,1302.0,1,0,0,0,0,0,0,0,31.0,-1271.0,0.0,,0.30414599007523613,0.3982477100756671,0
northeast,1,Dormant Judgment,14359.48,1,1,1,14899.48,1,698.0,1,0,1,0,0,0,0,1,14.0,-684.0,316.8889,13.82573787,0.010027831397794349,0.009664393952003693,0
midwest,0,Dormant Judgment,4205.74,1,0,1,4134.43,1,710.0,1,0,1,0,0,0,0,1,29.0,-681.0,0.0,,0.05143209042879494,0.05231918305546351,0
southwest,1,Dormant Judgment,,0,1,1,13999.57,1,833.0,1,1,0,0,0,0,1,1,850.0,17.0,84.9412,93.23095332,,0.018597840126518172,0
midwest,0,Dormant Judgment,13521.87,1,1,1,9642.87,1,1827.0,0,1,1,0,0,0,0,0,1.0,-1826.0,0.0,,0.4724612793940483,0.6625164499780667,0
midwest,1,Dormant Judgment,4039.47,1,0,1,4174.47,1,902.0,0,1,1,0,0,0,0,0,22.0,-880.0,712.3333,68.58475412,0.3975463778664033,0.384689952736515,0
southwest,1,Dormant Judgment,8256.41,1,1,1,8256.41,1,1697.0,1,1,0,0,0,0,0,0,7.0,-1690.0,0.0,,0.01429192590968714,0.01429192590968714,0
southwest,1,Dormant Judgment,10349.23,1,1,1,10349.23,1,401.0,0,1,0,0,0,0,0,0,21.0,-380.0,89.7143,39.42457495,0.01123289227314496,0.01123289227314496,0
southwest,1,Dormant Judgment,15592.43,1,1,1,14682.43,1,68.0,1,0,0,0,0,0,0,0,2.0,-66.0,0.0,,0.07173416843942862,0.07618016908645231,1
southeast,1,Suit,14492.27,1,0,0,,0,,0,1,1,0,1,0,0,0,29.0,,0.0,,0.22063900272352088,,0
midwest,1,Dormant Judgment,26454.94,1,1,1,26701.55,1,541.0,0,1,1,1,0,0,0,0,28.0,-513.0,1004.0,71.67739271,0.08941770421705739,0.08859186077212747,0
midwest,1,Dormant Judgment,5843.83,1,1,1,5346.11,1,948.0,0,1,1,1,0,0,0,0,31.0,-917.0,1038.3333,16.87065474,0.09851644098134273,0.10768826928364737,0
hi_ak,1,Suit,11423.42,1,0,0,,0,,0,1,1,0,0,0,0,0,23.0,,0.0,,0.7816065591565399,,0
midwest,1,Dormant Judgment,8278.65,1,0,1,8416.65,1,894.0,0,1,1,1,0,0,0,0,19.0,-875.0,121.8837,48.87019764,0.023643474056760462,0.023255813952106835,0
midwest,1,Dormant Judgment,,0,1,1,7641.69,1,1976.0,0,1,1,0,0,0,1,1,3822.0,1846.0,37.4085,70.4753442,,0.011339114776966877,0
northeast,1,Dormant Judgment,,0,0,1,2480.29,1,592.0,0,1,1,0,1,0,1,0,1594.0,1002.0,669.0,25.03848046,,0.2219522717101629,0
southeast,1,Dormant Judgment,1767.12,1,1,1,1880.44,1,1160.0,1,0,1,0,0,0,0,1,643.0,-517.0,0.0,,0.05108311829417357,0.04800472229903639,0
west,1,Dormant Judgment,21330.77,1,1,1,19952.09,1,1694.0,1,0,1,0,0,0,1,1,68.0,-1626.0,25.9286,,0.006054901642087932,0.0064732924871529745,0
southwest,1,Dormant Judgment,4611.68,1,1,1,4850.82,1,1695.0,1,1,1,0,1,0,1,1,453.0,-1242.0,114.0,,0.010842035874128299,0.010307535633150684,0
west,1,Dormant Judgment,2364.4,1,1,1,2642.7,1,662.0,1,0,1,0,0,0,0,0,222.0,-440.0,0.0,,0.010573507020808661,0.009460021947250919,0
midwest,1,Dormant Judgment,1261.5,1,1,1,1229.79,1,1232.0,1,0,1,0,0,0,0,1,1323.0,91.0,0.0,,0.0073483947681331745,0.0075378723196643325,0
west,1,Dormant Judgment,6504.84,1,1,1,5330.7,1,942.0,1,1,1,1,0,0,0,1,1064.0,122.0,68.9048,61.01063018,0.021247914737334048,0.025927980509126383,0
midwest,1,Dormant Judgment,2393.66,1,0,1,2311.66,1,934.0,1,0,1,0,0,0,0,1,947.0,13.0,0.0,,0.0417770276480369,0.04325895676699861,0
southeast,1,Dormant Judgment,2604.91,1,1,1,1829.91,1,829.0,1,1,1,1,0,0,0,1,456.0,-373.0,1.0,,0.3838904223178536,0.5464749632495587,0
west,1,Dormant Judgment,3172.81,1,1,1,3321.81,1,721.0,1,0,1,0,0,0,0,1,628.0,-93.0,41.5455,38.85291366,0.016733088048133987,0.01598252431355195,0
southeast,1,Dormant Judgment,2475.05,1,1,1,2158.05,1,1695.0,1,0,1,0,0,0,0,1,1151.0,-544.0,29.6364,,0.020201612088644672,0.023169064664859476,0
northeast,1,Dormant Judgment,1889.8,1,1,1,1984.8,1,616.0,1,0,0,0,0,0,0,1,587.0,-29.0,22.3333,,0.027775425971002222,0.026445989520354696,0
northeast,1,Dormant Judgment,1089.19,1,1,1,1064.19,1,864.0,1,0,0,0,0,0,0,1,798.0,-66.0,0.0,,0.022952836511536095,0.023492045593362085,0
west,1,Dormant Judgment,1690.06,1,1,1,1848.06,1,931.0,1,0,1,0,0,0,0,1,2212.0,1281.0,29.1379,31.30046099,0.017750849082281105,0.016233239180546085,0
northeast,1,Dormant Judgment,1859.64,1,1,1,1838.64,1,1261.0,1,0,1,0,0,0,0,0,652.0,-609.0,0.0,,0.03226430922113958,0.032632815559326456,0
southeast,1,Dormant Judgment,3442.01,1,1,1,3592.01,1,1218.0,1,0,1,0,0,0,0,0,730.0,-488.0,53.5,,0.014526395914015356,0.013919783074100573,0
southeast,1,Dormant Judgment,965.15,1,1,1,1040.89,1,1161.0,1,0,1,0,0,0,0,1,1157.0,-4.0,79.3333,,0.03277210796249288,0.03038745688785558,0
northeast,1,Dormant Judgment,1458.64,1,1,1,1688.64,1,450.0,1,0,1,0,0,0,0,1,561.0,111.0,7.0,,0.03126542532770251,0.027006940496494217,0
northeast,1,Dormant Judgment,4018.18,1,1,1,4253.18,1,526.0,1,0,1,0,0,0,0,0,575.0,49.0,0.0,,0.008088238953954278,0.007641341302272652,0
northeast,1,Dormant Judgment,4511.23,1,1,1,4698.45,1,562.0,1,1,1,0,1,0,0,1,992.0,430.0,0.0,,0.5419431064255203,0.5203481999382775,0
southeast,1,Dormant Judgment,1292.39,1,1,1,1585.39,1,810.0,1,0,1,0,0,0,0,1,940.0,130.0,0.0,,0.24778124250419764,0.20198815433426476,0
midwest,1,Dormant Judgment,,0,0,1,1638.12,1,3957.0,1,0,1,0,0,0,1,0,4471.0,514.0,6.5,,,0.03154530803604132,0
midwest,1,Dormant Judgment,,0,0,1,1991.83,1,2680.0,0,1,1,0,0,0,1,0,5709.0,3029.0,0.0,,,0.07378641751555103,0
midwest,1,Dormant Judgment,,0,1,1,4164.9,1,1991.0,0,1,1,0,0,0,1,1,5539.0,3548.0,462.6667,41.95200297,,0.15322416703882447,0
northeast,1,Dormant Judgment,,0,1,1,1693.52,1,731.0,1,1,1,0,1,0,1,0,3417.0,2686.0,280.1818,21.37293446,,0.11621249338655582,0
southeast,1,Dormant Judgment,1361.05,1,1,1,1742.52,1,518.0,1,1,1,0,1,0,1,1,3735.0,3217.0,12.0909,,0.16822039131552846,0.13139382250992815,1
west,1,Dormant Judgment,,0,0,1,10304.22,1,1524.0,1,1,1,0,0,0,0,1,4720.0,3196.0,0.0,,,1.1645714086073473,1
northeast,1,Dormant Judgment,,0,1,1,2339.13,1,1226.0,1,1,1,1,1,0,0,1,2664.0,1438.0,16.08,254.0605845,,0.057523609205131825,1
southwest,1,Dormant Judgment,1213.1,1,0,1,1493.1,1,1476.0,1,0,0,0,0,0,1,1,3962.0,2486.0,0.0,,0.5767620146731515,0.46860223695666736,1
northeast,1,Dormant Judgment,,0,1,1,1638.74,1,891.0,1,1,0,0,0,0,0,1,1764.0,873.0,0.0,,,1.068674713499396,1
midwest,1,Dormant Judgment,,0,0,1,1004.65,1,1023.0,1,0,1,0,0,0,1,1,2559.0,1536.0,29.3571,51.60088532,,0.0496000739461504,1
southeast,1,Dormant Judgment,5380.54,1,0,1,5584.63,1,161.0,1,1,1,0,0,1,1,1,5272.0,5111.0,12.3137,692.275774,0.05213530210722345,0.050230020323638276,1
southwest,0,Dormant Judgment,3729.15,1,0,1,4691.44,1,365.0,1,0,0,0,0,0,1,1,2479.0,2114.0,0.0,,0.32178914766099515,0.25578500417782174,1
southeast,1,Dormant Judgment,,0,0,1,13490.49,1,848.0,1,1,1,0,1,0,0,1,3011.0,2163.0,0.0,,,0.3706314596430523,1
northeast,1,Dormant Judgment,,0,1,1,3350.35,1,1434.0,1,0,1,0,0,1,0,1,3135.0,1701.0,15.5,,,0.35454504753234733,1
southwest,1,Dormant Judgment,10838.95,1,0,1,13767.69,1,692.0,1,1,0,1,0,0,1,1,4361.0,3669.0,0.0,,0.9225985911919512,0.7263382600857514,1
west,1,Dormant Judgment,3635.75,1,1,1,11952.55,1,4556.0,1,1,1,0,1,0,1,1,2959.0,-1597.0,33.2034,213.3835578,0.06405737748745101,0.019485098175703094,0
southeast,1,Dormant Judgment,,0,0,1,1699.7,1,411.0,1,1,1,0,1,0,0,1,1840.0,1429.0,57.375,165.3126104,,0.18373830676001648,1
west,1,Dormant Judgment,3093.41,1,0,1,4518.36,1,1435.0,1,1,1,0,0,0,0,1,2227.0,792.0,0.0,,1.8168041093809097,1.243840685558477,1
southeast,1,Dormant Judgment,,0,1,1,944.18,1,2269.0,1,1,1,0,0,0,1,1,3894.0,1625.0,314.0,60.24493641,,0.6593022516892966,1
southwest,1,Dormant Judgment,1933.4,1,0,1,2807.71,1,1164.0,1,0,0,0,0,0,0,1,3187.0,2023.0,3.5,,0.2586117720078618,0.1780810696261366,1
southwest,1,Dormant Judgment,2170.85,1,0,1,3033.74,1,395.0,1,1,1,0,1,0,0,1,2691.0,2296.0,13.0667,,0.09643657244858006,0.06900701223572225,1
northeast,1,Dormant Judgment,,0,1,1,7767.41,1,1289.0,1,1,1,1,0,0,0,1,2279.0,990.0,16.2184,239.6340362,,0.01645075644262373,1
southeast,1,Dormant Judgment,1084.05,1,0,1,1226.01,1,198.0,1,1,1,0,1,0,0,1,4851.0,4653.0,0.0,,2.0432636870993037,1.8066736812913435,1
southwest,1,Dormant Judgment,,0,0,0,2727.17,1,1069.0,1,1,0,0,0,0,1,1,3795.0,2726.0,0.0,,,1.4320302731402883,1
midwest,1,Dormant Judgment,1619.73,1,1,1,1780.68,1,1588.0,1,1,1,0,0,0,1,1,2128.0,540.0,252.8,15.7298753,0.08069184370234546,0.07339836466967675,0
northeast,1,Dormant Judgment,1102.93,1,1,1,1446.28,1,2205.0,1,1,1,0,1,0,0,1,4335.0,2130.0,23.375,,0.2573044073513278,0.1962197845507094,1
west,1,Dormant Judgment,3657.84,1,0,1,5913.65,1,1120.0,1,1,1,0,0,0,0,1,2065.0,945.0,26.6,,0.13669269295540537,0.0845501509220194,1
southwest,1,Dormant Judgment,,0,0,1,2530.47,1,1123.0,1,1,0,0,0,0,0,1,4833.0,3710.0,72.2353,92.52897531,,0.08685157069635285,1
northeast,1,Dormant Judgment,,0,1,1,6058.34,1,1087.0,1,1,1,1,0,0,0,1,3784.0,2697.0,0.0,,,0.6532465989033299,1
southeast,1,Dormant Judgment,,0,1,1,7657.05,1,2064.0,1,1,1,0,0,0,1,1,3457.0,1393.0,617.0,116.6861231,,0.3090833502458519,0
northeast,1,Dormant Judgment,,0,1,1,2056.93,1,1837.0,1,1,1,0,1,0,0,0,4390.0,2553.0,22.75,,,0.28533785787557187,1
west,1,Dormant Judgment,,0,0,1,2980.94,1,1429.0,1,1,1,0,1,0,1,0,4418.0,2989.0,16.2727,323.0406668,,0.058045753721980314,1
southeast,1,Dormant Judgment,,0,1,1,2875.88,1,1715.0,1,1,1,0,1,0,0,1,4250.0,2535.0,10.5,,,0.4516574057332016,1
midwest,1,Dormant Judgment,,0,0,1,2742.93,1,1370.0,1,1,1,0,0,0,0,0,5184.0,3814.0,483.3333,35.53283764,,0.2058540805999424,0
southeast,1,Dormant Judgment,,0,0,1,1535.0,1,529.0,1,1,1,0,1,0,1,1,2646.0,2117.0,23.4,,,0.28703583061889254,1
northeast,1,Dormant Judgment,,0,1,1,1687.55,1,1995.0,1,1,1,1,1,0,1,1,4928.0,2933.0,66.5455,127.5488853,,0.16547388492192824,1
northeast,1,Dormant Judgment,2096.16,1,1,1,2287.31,1,1101.0,1,1,0,0,0,0,1,0,3341.0,2240.0,38.35,131.0495155,0.07887518128387147,0.07228359951209062,1
northeast,1,Dormant Judgment,,0,1,1,2516.36,1,1461.0,1,1,1,0,0,0,1,1,2362.0,901.0,247.0,206.4163553,,0.6670289624695989,1
southeast,1,Dormant Judgment,,0,1,1,2252.74,1,1545.0,1,1,1,0,0,0,1,1,4784.0,3239.0,1.2353,,,0.09917073537114804,1
southeast,1,Dormant Judgment,,0,1,1,2937.35,1,1194.0,1,1,1,0,1,0,0,1,3087.0,1893.0,16.2593,277.9859633,,0.05067038885389892,1
southwest,1,Dormant Judgment,1774.69,1,1,1,2606.6,1,1258.0,1,1,0,1,0,0,1,1,4730.0,3472.0,25.2857,,0.136901173106289,0.09320844889894883,1
southwest,1,Dormant Judgment,,0,0,1,3374.3,1,1326.0,1,0,0,0,0,0,0,1,3590.0,2264.0,0.0,,,1.0372521708206146,1
midwest,1,Dormant Judgment,989.28,1,0,1,1418.7,1,1961.0,1,1,1,0,0,0,0,1,3014.0,1053.0,28.4516,75.26453087,0.07119808215065501,0.04964745098329456,1
west,1,Dormant Judgment,1847.65,1,0,1,2878.37,1,1222.0,1,1,1,0,1,0,0,0,3801.0,2579.0,0.0,,2.1649121857494653,1.3896754065669112,1
west,1,Dormant Judgment,,0,0,1,3206.32,1,1459.0,1,1,1,0,1,0,0,1,3779.0,2320.0,12.6667,,,0.11154116454377604,1
northeast,1,Dormant Judgment,,0,1,1,1245.78,1,1478.0,1,1,1,0,1,0,0,1,3541.0,2063.0,9.1,,,0.15465250686317009,1
southwest,1,Dormant Judgment,5662.5,1,0,1,8724.5,1,936.0,1,0,0,0,0,0,1,1,4045.0,3109.0,19.0,,1.2845386313465783,0.8337096681758267,1
southeast,1,Dormant Judgment,3863.78,1,1,1,4485.3,1,1487.0,1,1,1,0,1,0,1,1,3860.0,2373.0,11.1905,,0.08515174751150427,0.07335242213452833,1
northeast,1,Dormant Judgment,2506.1,1,1,1,3960.41,1,2028.0,1,0,1,0,0,0,1,1,3483.0,1455.0,85.625,148.6354956,0.16709229480068633,0.10573400228764195,1
midwest,1,Dormant Judgment,,0,0,1,8319.26,1,711.0,1,0,1,0,0,0,1,1,2931.0,2220.0,0.0,,,0.1615011431305188,1
northeast,1,Dormant Judgment,,0,1,1,955.33,1,1759.0,1,1,1,1,0,0,1,1,3924.0,2165.0,0.0,,,1.541760438801252,1
west,1,Dormant Judgment,,0,1,1,17789.31,1,4125.0,1,1,1,1,0,0,1,1,1050.0,-3075.0,0.0,,,0.007867646356154343,0
midwest,1,Dormant Judgment,,0,0,1,4555.97,1,716.0,1,1,1,0,1,0,1,1,2667.0,1951.0,7.9859,384.1251214,,0.022160522589042508,1
midwest,1,Dormant Judgment,,0,1,1,2093.09,1,1067.0,1,1,1,0,0,1,0,0,1141.0,74.0,36.6,,,0.07644200679378335,0
southeast,1,Dormant Judgment,2004.96,1,1,1,2619.97,1,1002.0,1,1,1,0,1,0,0,1,3647.0,2645.0,13.0645,359.6371448,0.07718294115593329,0.059065069332854964,1
southeast,1,Dormant Judgment,5323.82,1,1,1,7374.8,1,1087.0,1,1,1,0,1,0,0,1,3537.0,2450.0,0.0,,0.685597935317122,0.4949286760318924,1
northeast,1,Dormant Judgment,,0,1,1,1190.52,1,1422.0,1,1,1,1,0,0,1,1,2765.0,1343.0,0.0,,,1.043048415818298,1
southwest,1,Dormant Judgment,2508.51,1,0,1,4020.21,1,1579.0,1,1,0,1,0,0,1,1,5473.0,3894.0,0.0,,2.84668588126019,1.7762604441061536,1
southwest,1,Dormant Judgment,2969.75,1,0,1,3985.77,1,1284.0,1,1,0,0,0,0,1,1,4942.0,3658.0,0.0,,1.5492886606616718,1.1543566236887728,1
midwest,1,Dormant Judgment,3062.48,1,0,1,5517.13,1,908.0,1,1,1,0,1,0,0,1,2330.0,1422.0,8.1273,592.1688199,0.05174706891147044,0.028724058269426315,1
northeast,1,Dormant Judgment,,0,1,1,3705.64,1,640.0,1,1,1,0,0,0,1,1,2558.0,1918.0,0.0,,,0.7275099577940652,1
midwest,1,Dormant Judgment,,0,0,1,2855.63,1,980.0,1,1,1,0,1,0,1,0,3301.0,2321.0,26.25,309.3548721,,0.09365161978267492,1
west,1,Dormant Judgment,1583.07,1,0,1,2904.49,1,936.0,1,1,1,0,0,0,0,1,3077.0,2141.0,43.45,158.4004453,0.1430025204191855,0.07794242706981261,1
southeast,1,Dormant Judgment,,0,1,1,2509.98,1,573.0,1,1,1,0,0,1,1,1,3018.0,2445.0,95.25,110.0151947,,0.13734571590211875,1
northeast,1,Dormant Judgment,949.21,1,1,1,1256.12,1,69.0,1,1,1,0,1,0,1,1,3484.0,3415.0,41.5,,1.3434803678848726,1.0152254561666083,1
west,1,Dormant Judgment,5926.09,1,1,1,17608.04,1,4576.0,1,1,1,0,0,0,1,0,2004.0,-2572.0,303.7,2.961345774,0.004987774400996272,0.0016786649735007417,0
northeast,1,Dormant Judgment,,0,1,1,1785.93,1,883.0,1,1,1,1,0,0,1,1,2859.0,1976.0,47.5833,101.4089537,,0.08892519118890437,1
west,1,Dormant Judgment,,0,0,1,2937.37,1,1098.0,1,1,1,1,1,0,1,1,4039.0,2941.0,104.0,,,0.9614059515825382,1
midwest,1,Dormant Judgment,694.28,1,0,1,1062.04,1,847.0,1,1,1,0,1,0,1,1,3072.0,2225.0,11.8333,,0.45385867373394023,0.2966978644872133,1
west,1,Dormant Judgment,2686.03,1,0,1,3357.21,1,566.0,1,1,1,0,1,0,1,1,2596.0,2030.0,25.8421,338.0771216,0.10708153315487913,0.08567358327301539,1
west,1,Dormant Judgment,,0,0,1,4982.36,1,730.0,1,1,1,0,1,0,1,1,2795.0,2065.0,13.6667,608.3223244,,0.05495628577621851,1
midwest,1,Dormant Judgment,,0,0,1,2262.8,1,2103.0,1,1,1,1,1,0,1,1,4280.0,2177.0,73.1111,146.056032,,0.1552795946172883,1
northeast,1,Dormant Judgment,1970.43,1,1,1,3047.86,1,1962.0,1,1,1,0,0,0,1,1,4195.0,2233.0,0.0,,2.373882858056363,1.534706318531691,1
southwest,1,Dormant Judgment,4098.49,1,0,1,4598.49,1,1272.0,1,1,0,0,0,0,1,1,3068.0,1796.0,0.0,,0.8539730486105859,0.7611194109370685,1
southwest,1,Dormant Judgment,2879.37,1,0,1,3615.8,1,1426.0,1,1,0,1,0,0,1,1,3712.0,2286.0,0.0,,1.0370324063944545,0.8258200121688146,1
west,1,Dormant Judgment,3032.6,1,0,1,2861.6,1,1428.0,1,1,1,1,0,0,1,1,4035.0,2607.0,79.75,,0.424155839873376,0.44950202683813256,1
southeast,1,Dormant Judgment,,0,0,1,1794.58,1,1059.0,1,1,1,0,1,0,1,1,2812.0,1753.0,45.5,,,0.3529906719120909,1
west,1,Dormant Judgment,596.27,1,0,1,936.27,1,440.0,1,1,1,0,1,0,1,1,1318.0,878.0,109.5,55.64790234,0.33626265500528285,0.2141511885460391,1
northeast,1,Dormant Judgment,1556.43,1,0,0,1831.92,1,684.0,1,0,0,0,0,0,1,1,2779.0,2095.0,0.0,,0.8238854301189259,0.6999868989912222,1
southeast,1,Dormant Judgment,,0,1,1,1836.35,1,1108.0,0,1,1,0,1,0,1,1,2895.0,1787.0,56.0,,,0.45479347618917965,1
southeast,1,Dormant Judgment,,0,1,1,2442.92,1,465.0,1,1,1,1,0,0,1,1,3435.0,2970.0,0.0,,,1.9758076400373321,1
midwest,1,Dormant Judgment,2235.48,1,0,1,2257.64,1,464.0,1,1,1,0,1,0,1,1,1023.0,559.0,18.6667,155.3727484,0.04271002532342047,0.04229080252387449,1
midwest,1,Dormant Judgment,842.86,1,0,1,1071.86,1,319.0,1,1,1,0,1,0,1,1,1057.0,738.0,12.5714,,0.20688743433073106,0.16268649161271062,1
hi_ak,1,Dormant Judgment,3279.58,1,1,1,3459.58,1,1533.0,1,1,1,0,1,0,1,1,2338.0,805.0,0.0,,0.9147512791272053,0.8671572849883512,1
west,1,Dormant Judgment,10605.42,1,0,1,12799.91,1,697.0,1,1,1,1,0,0,1,1,3024.0,2327.0,102.6667,,0.5179188251856127,0.4291238506364498,1
west,1,Dormant Judgment,1858.53,1,1,1,2193.37,1,499.0,0,1,1,0,1,0,1,1,1927.0,1428.0,12.875,,0.20051330890542526,0.1699029347533704,1
west,1,Dormant Judgment,1838.15,1,1,1,2094.15,1,539.0,1,1,1,1,0,0,1,1,2246.0,1707.0,1.0,,1.7854255637461578,1.5671656758111883,1
west,1,Dormant Judgment,4464.57,1,1,1,4682.57,1,1169.0,0,1,1,0,0,0,1,1,2650.0,1481.0,0.0,,1.4281644144900854,1.3616753193225088,1
southwest,1,Dormant Judgment,,0,1,1,1005.98,1,1055.0,1,1,0,0,0,0,1,1,1761.0,706.0,0.0,,,0.4915604683989741,1
southwest,1,Dormant Judgment,,0,0,0,1498.56,1,1605.0,1,0,1,0,0,0,1,1,2494.0,889.0,0.0,,,1.1164451206491566,1
southwest,1,Dormant Judgment,,0,0,0,3448.41,1,402.0,1,0,1,0,0,0,0,1,3641.0,3239.0,0.0,,,0.5,1
northeast,1,Dormant Judgment,,0,1,1,2364.89,1,1090.0,1,1,1,0,1,0,0,1,3340.0,2250.0,24.75,,,0.145052201159462,1
west,1,Dormant Judgment,1188.11,1,1,1,2371.35,1,1054.0,1,1,1,0,0,0,1,1,2196.0,1142.0,17.6667,,0.644721448350742,0.32302275075379006,1
southwest,1,Dormant Judgment,1512.99,1,0,0,1691.99,1,554.0,1,0,1,0,0,0,1,1,965.0,411.0,9.6667,,0.15367473235117218,0.13741708479364537,1
west,1,Dormant Judgment,3066.44,1,0,1,4463.84,1,1196.0,1,1,1,0,1,0,1,1,3660.0,2464.0,29.0,,0.3261110603827239,0.22402236639306067,1
northeast,1,Dormant Judgment,855.69,1,1,1,1259.21,1,770.0,1,1,1,1,1,0,1,1,2633.0,1863.0,26.1429,,0.22141029040890978,0.15045828050920815,1
midwest,1,Dormant Judgment,1446.3,1,0,1,1744.1,1,1769.0,1,1,1,1,0,0,1,1,4422.0,2653.0,98.5,,0.8326591993362373,0.6904850639298207,1
southeast,1,Dormant Judgment,,0,1,1,3235.73,1,639.0,1,1,1,0,1,0,1,1,2943.0,2304.0,0.0,,,1.6182777920283833,1
southwest,1,Dormant Judgment,2711.04,1,0,1,4184.58,1,348.0,1,0,0,0,0,0,1,1,4031.0,3683.0,0.0,,1.1534318932955618,0.7472673482165474,1
southeast,1,Dormant Judgment,2041.31,1,0,1,2531.06,1,996.0,1,1,1,0,1,0,1,1,2855.0,1859.0,44.1429,,0.24125683997041117,0.19457460510616106,1
northeast,1,Dormant Judgment,474.97,1,1,1,1071.42,1,1172.0,1,1,0,1,0,0,1,1,2580.0,1408.0,0.0,,1.2632376781691474,0.5600044800358402,1
southwest,1,Dormant Judgment,,0,0,1,2979.16,1,464.0,1,1,0,1,0,0,1,1,3407.0,2943.0,0.0,,,1.4969991541239813,1
midwest,1,Dormant Judgment,,0,0,1,2516.21,1,1232.0,1,1,1,0,1,0,1,1,3953.0,2721.0,12.8333,,,0.13369412727872473,1
southwest,1,Dormant Judgment,4654.72,1,1,1,4118.35,1,699.0,1,1,1,1,0,0,1,1,841.0,142.0,6.4,,0.05118331500068747,0.05784938142702781,0
northeast,1,Dormant Judgment,,0,1,1,629.54,1,803.0,1,1,1,0,1,0,1,1,3582.0,2779.0,22.4286,,,0.24893686548908728,1
northeast,1,Dormant Judgment,,0,1,1,1359.84,1,851.0,1,1,1,0,1,0,1,1,3943.0,3092.0,24.4286,,,0.26297841760795393,1
southeast,1,Dormant Judgment,1216.19,1,0,1,1625.79,1,944.0,1,1,1,0,1,0,1,1,2525.0,1581.0,35.0,,0.8709699964643682,0.6515386366012832,1
southeast,1,Dormant Judgment,,0,1,1,4391.79,1,532.0,1,0,1,0,0,0,0,1,2477.0,1945.0,0.0,,,0.7109401861200103,1
northeast,1,Dormant Judgment,,0,1,1,2127.32,1,471.0,1,0,1,0,1,0,1,1,3369.0,2898.0,29.2174,168.6815826,,0.07622900094955154,1
west,1,Dormant Judgment,5285.75,1,0,1,6387.43,1,1526.0,1,1,1,0,1,0,1,1,4110.0,2584.0,12.5588,804.5736492,0.06295383536867995,0.05209579366036105,1
west,1,Dormant Judgment,,0,0,1,2544.97,1,1287.0,1,1,1,1,0,0,1,1,3456.0,2169.0,69.0,,,0.8287268612203681,1
northeast,1,Dormant Judgment,,0,1,1,1403.77,1,685.0,1,1,1,0,1,0,1,1,3649.0,2964.0,21.0,,,0.8745520989905754,1
southeast,1,Dormant Judgment,,0,1,1,3676.34,1,1236.0,1,1,1,1,1,0,1,1,4293.0,3057.0,32.7903,71.41022994,,0.02093640817769847,0
west,1,Dormant Judgment,,0,0,1,1302.11,1,807.0,1,1,1,0,1,0,1,1,2896.0,2089.0,19.1053,,,0.08439055801737182,1
west,1,Dormant Judgment,,0,0,1,1758.87,1,1152.0,1,1,1,1,1,0,0,1,2980.0,1828.0,0.0,,,1.4902465787693235,1
west,1,Dormant Judgment,3814.54,1,0,1,5678.15,1,1557.0,1,1,1,1,0,0,1,1,3938.0,2381.0,0.0,,1.6273416978193964,1.0932363533897487,1
northeast,1,Dormant Judgment,,0,1,1,837.21,1,1009.0,1,0,1,0,1,0,1,1,2481.0,1472.0,25.8571,,,0.1453381725015229,1
west,1,Dormant Judgment,,0,0,1,1118.19,1,1007.0,1,1,1,0,1,0,1,1,2688.0,1681.0,15.5,,,0.3758082257934698,1
southwest,1,Dormant Judgment,,0,1,1,4545.1,1,1144.0,1,1,0,0,0,0,1,1,1161.0,17.0,47.375,175.7977042,,0.060361708213240634,0
west,1,Dormant Judgment,1462.64,1,1,1,1675.64,1,622.0,1,0,1,0,0,0,0,0,654.0,32.0,12.5,,0.09574126237488376,0.08357105344823469,0
midwest,1,Dormant Judgment,3852.9,1,1,1,4515.53,1,1286.0,1,0,1,0,0,0,0,0,2055.0,769.0,0.0,,0.06523397959978199,0.055661240208790555,0
southeast,1,Dormant Judgment,1341.64,1,0,1,1741.87,1,1268.0,1,0,1,0,0,0,1,1,2339.0,1071.0,0.0,,0.9454473629289526,0.7282116346225609,1
northeast,1,Dormant Judgment,,0,1,1,2205.18,1,627.0,1,1,1,1,0,0,1,1,3041.0,2414.0,21.5111,124.2781345,,0.039871272789522856,1
northeast,1,Dormant Judgment,,0,1,1,8378.55,1,3503.0,1,0,1,0,1,0,0,0,5011.0,1508.0,0.0,,,0.008230541084077794,0
northeast,1,Dormant Judgment,,0,1,1,9577.24,1,388.0,1,1,1,0,1,0,1,1,523.0,135.0,97.58,110.5479948,,0.03701335666642999,0
midwest,1,Dormant Judgment,,0,0,1,8026.26,1,384.0,1,1,1,0,1,0,1,1,469.0,85.0,167.0625,50.46240568,,0.034515414090747126,0
midwest,1,Dormant Judgment,,0,0,1,1908.37,1,531.0,1,1,1,0,1,0,1,1,3932.0,3401.0,10.2941,,,0.10864091282088904,1
northeast,1,Dormant Judgment,,0,1,1,2504.91,1,631.0,1,1,1,0,0,0,1,1,905.0,274.0,0.0,,,0.2099636314278757,0
midwest,1,Dormant Judgment,,0,1,1,1273.48,1,899.0,1,1,1,0,1,0,1,1,4153.0,3254.0,12.5,,,0.23320154223073783,1
northeast,1,Dormant Judgment,,0,1,1,1693.45,1,396.0,0,1,1,0,1,0,1,0,2311.0,1915.0,23.8,,,0.2097044494965898,1
southeast,1,Dormant Judgment,,0,1,1,4580.65,1,1047.0,1,0,1,0,0,0,1,1,1595.0,548.0,14.3939,150.3881939,,0.015558861072118587,0
southeast,1,Dormant Judgment,5313.72,1,0,1,6194.02,1,766.0,1,1,1,0,1,0,1,1,2716.0,1950.0,0.0,,1.479620680050887,1.2693355849674361,1
west,1,Dormant Judgment,,0,0,1,1688.61,1,756.0,1,1,1,1,1,0,1,1,3395.0,2639.0,0.0,,,1.4633041377227423,1
midwest,1,Dormant Judgment,,0,0,1,4898.77,1,1756.0,0,1,1,0,0,0,0,1,3817.0,2061.0,6.825,,,0.027111550450419186,1
midwest,1,Suit,2294.58,1,1,1,2294.58,1,242.0,0,1,1,1,1,0,1,1,247.0,5.0,49.25,211.0239591,0.14918797775627785,0.14918797775627785,1
northeast,1,Dormant Judgment,4481.3,1,1,1,2638.68,1,1330.0,1,1,1,1,0,0,1,1,2589.0,1259.0,14.0,,0.07428982661281325,0.12616725029181258,1
southeast,1,Dormant Judgment,9495.51,1,1,1,10224.68,1,2496.0,1,1,1,0,1,0,0,1,1002.0,-1494.0,88.9032,121.4388828,0.037369104945389975,0.03470413838868307,0
midwest,1,Dormant Judgment,13872.9,1,0,1,13872.9,1,1603.0,0,1,1,0,0,0,0,0,2096.0,493.0,25.6667,335.2415173,0.020391769745330825,0.020391769745330825,1
west,1,Dormant Judgment,8876.64,1,1,1,19455.97,1,4121.0,1,1,1,1,0,0,1,1,924.0,-3197.0,50.2073,139.8368761,0.025992242616575643,0.011858765227331251,0
northeast,1,Dormant Judgment,,0,1,1,1336.81,1,1836.0,1,1,1,0,1,0,1,1,4200.0,2364.0,0.0,,,1.5997935383487556,1
northeast,1,Dormant Judgment,3590.66,1,0,0,3772.39,1,242.0,1,0,0,0,0,0,1,1,207.0,-35.0,83.8933,34.94315601,0.026827639857296432,0.02553525307033472,0
northeast,1,Dormant Judgment,7508.18,1,0,1,8039.76,1,653.0,0,1,1,0,0,0,0,1,603.0,-50.0,167.8,81.80544421,0.06008513381405347,0.056112371513577515,0
northeast,1,Dormant Judgment,2120.34,1,1,1,2845.73,1,471.0,1,1,1,0,1,0,1,1,930.0,459.0,29.7111,73.66049726,0.03393680049426035,0.02528614997206341,0
midwest,1,Dormant Judgment,5785.91,1,0,1,7000.18,1,1185.0,1,1,1,0,0,1,1,1,3131.0,1946.0,0.0,,0.34566731940178813,0.2857069389644266,1
midwest,1,Dormant Judgment,2190.06,1,1,1,2010.06,1,1035.0,1,1,1,1,0,0,1,1,3156.0,2121.0,0.0,,1.196314256230423,1.3034436782981602,1
southeast,1,Dormant Judgment,5966.29,1,0,0,,0,,1,0,1,0,0,0,0,0,101.0,,64.32,32.61977718,0.011555489257143049,,0
midwest,1,Dormant Judgment,1369.64,1,0,0,,0,,1,0,1,0,0,0,0,0,268.0,,31.3171,10.74055611,0.00807072204374872,,0
southwest,1,Dormant Judgment,9383.44,1,0,0,,0,,1,0,0,0,0,0,0,0,87.0,,31.0722,94.72761634,0.010309278351009863,,0
northeast,1,Dormant Judgment,2410.81,1,1,1,2880.82,1,806.0,1,1,0,0,0,0,0,0,807.0,1.0,37.3333,40.73958953,0.02073991728920985,0.017356169423983447,0
northeast,1,Dormant Judgment,954.73,1,1,1,2037.98,1,1400.0,1,1,0,0,0,0,0,0,1003.0,-397.0,75.0,20.26676755,0.052370827354330546,0.02453409748868978,0
southeast,1,Dormant Judgment,1174.18,1,1,1,1438.31,1,1349.0,1,1,1,0,0,0,1,1,60.0,-1289.0,0.0,,0.029808036246572075,0.024334114342526993,0
northeast,1,Dormant Judgment,11135.5,1,0,0,,0,,1,0,1,0,0,0,0,0,96.0,,30.1667,103.9705132,0.009256764734407974,,0
northeast,1,Dormant Judgment,8123.21,1,1,1,8985.17,1,448.0,1,1,1,0,0,0,1,0,1860.0,1412.0,55.4138,230.9085591,0.05178435278664469,0.046816606964587205,1
northeast,1,Dormant Judgment,2988.22,1,0,1,3136.13,1,440.0,1,1,1,0,1,0,0,0,1600.0,1160.0,63.4667,51.67323841,0.036076549484308384,0.03437506311919467,0
northeast,1,Dormant Judgment,3107.32,1,0,1,2537.34,1,698.0,1,1,1,0,1,0,1,1,189.0,-509.0,632.9167,12.02093207,0.08045518324472535,0.09852838011460821,0
west,1,Dormant Judgment,20424.14,1,1,1,21034.14,1,1151.0,1,1,1,1,0,0,1,1,1345.0,194.0,11.1429,192.6681077,0.0034547070696734354,0.0033545189320789916,0
northeast,1,Dormant Judgment,3869.01,1,1,1,4018.39,1,1012.0,1,0,1,0,1,0,1,0,1995.0,983.0,60.25,254.2018839,0.13032694410197956,0.12548215827732,1
midwest,1,Dormant Judgment,1118.61,1,1,1,1327.61,1,1908.0,1,1,1,0,1,0,1,0,2757.0,849.0,0.0,,1.215794602229553,1.0243972250886932,1
midwest,1,Dormant Judgment,1573.41,1,0,1,2658.49,1,797.0,1,1,1,0,1,0,1,1,3187.0,2390.0,55.1667,,0.3392313510146751,0.20077186673638045,1
southeast,1,Dormant Judgment,8357.14,1,0,1,5977.81,1,2339.0,1,1,1,1,0,0,1,1,2312.0,-27.0,194.25,59.43122748,0.045414609543456254,0.06349085200098363,0
west,1,Dormant Judgment,7599.43,1,0,1,9546.16,1,740.0,1,1,1,0,0,0,1,1,1574.0,834.0,0.0,,0.001050078755906693,0.0008359382201848702,0
west,1,Dormant Judgment,2978.1,1,1,1,7048.31,1,3819.0,1,1,1,1,0,1,1,1,1371.0,-2448.0,199.6875,82.3177998,0.18140089318693128,0.07664674226871405,0
west,1,Dormant Judgment,1543.98,1,0,0,2235.1,1,733.0,1,0,1,0,1,0,1,1,3570.0,2837.0,28.25,181.6582364,0.10936292354823249,0.07554658256901257,1
southeast,1,Dormant Judgment,1096.21,1,0,0,1210.04,1,716.0,1,0,1,0,0,0,1,1,4504.0,3788.0,0.0,,0.9974092555258571,0.9035816997785197,1
southeast,1,Dormant Judgment,300.0,1,1,1,479.0,1,71.0,1,1,1,0,0,0,1,1,141.0,70.0,1044.5,7.327452895,0.8385833333333333,0.5252087682672234,0
southeast,1,Dormant Judgment,1320.0,1,1,1,1327.85,1,103.0,1,1,1,0,0,0,1,1,119.0,16.0,25.6,,0.019318181818181818,0.019203976352750687,0
southeast,1,Dormant Judgment,900.0,1,1,1,969.6,1,82.0,1,1,1,0,1,0,1,1,120.0,38.0,389.8333,20.14331066,0.28678148144444443,0.2661956820338284,0
southeast,1,Dormant Judgment,360.0,1,1,1,469.0,1,1638.0,1,1,1,0,0,0,1,1,1741.0,103.0,39.6667,,0.033555555555555554,0.025756929637526654,0
southeast,1,Dormant Judgment,300.0,1,1,1,486.0,1,2760.0,1,1,1,0,0,0,0,0,170.0,-2590.0,728.25,7.393872189,0.5899,0.3641358024691358,0
southeast,1,Dormant Judgment,744.0,1,1,1,870.0,1,149.0,0,1,1,0,1,0,1,1,550.0,401.0,174.75,48.92965157,0.378125,0.3233620689655172,1
northeast,1,Dormant Judgment,,0,1,1,3007.59,1,1288.0,1,0,0,0,0,0,1,1,1326.0,38.0,29.4118,46.17189621,,0.014864353967794813,0
west,1,Dormant Judgment,2621.89,1,0,1,3217.46,1,28.0,1,1,1,0,1,0,1,1,2129.0,2101.0,0.0,,0.5721063812745768,0.4662062620825123,1
southeast,1,Dormant Judgment,7372.74,1,0,0,8338.53,1,152.0,1,0,1,0,0,0,1,1,7131.0,6979.0,29.3846,580.1308094,0.0761641481321734,0.06734262052184257,1
northeast,1,Dormant Judgment,1830.39,1,1,1,1617.71,1,1156.0,1,1,1,0,1,0,1,0,2722.0,1566.0,13.2222,,0.07047314140702254,0.07973823077065728,1
southeast,1,Dormant Judgment,,0,1,1,3021.52,1,1398.0,1,1,1,0,0,0,1,1,1710.0,312.0,60.2857,20.14742317,,0.013238370091874289,0
northeast,1,Dormant Judgment,,0,1,1,1803.53,1,799.0,1,0,1,0,0,0,0,0,1779.0,980.0,0.0,,,0.6653618182120619,0
southeast,1,Dormant Judgment,,0,1,1,3640.26,1,1558.0,1,1,1,0,1,0,0,1,2214.0,656.0,96.7,69.84631193,,0.06102174020536994,0
midwest,1,Dormant Judgment,,0,1,1,1965.89,1,654.0,1,1,1,0,0,0,1,0,1730.0,1076.0,17.6667,,,0.05226131675729567,0
southeast,0,Dormant Judgment,,0,1,1,9888.37,1,900.0,1,1,1,0,0,0,0,0,1154.0,254.0,0.0,,,0.010112890193226993,0
midwest,1,Dormant Judgment,,0,1,1,5410.1,1,736.0,1,1,1,1,0,0,1,1,1848.0,1112.0,0.0,,,0.00799677147002828,0
midwest,1,Dormant Judgment,,0,1,1,5701.31,1,1644.0,1,0,1,0,0,0,1,1,3115.0,1471.0,15.75,185.5914634,,0.016865219774051927,0
northeast,1,Dormant Judgment,,0,1,1,10799.61,1,2026.0,1,0,1,0,0,1,1,1,836.0,-1190.0,30.375,,,0.009259593633473801,0
northeast,1,Dormant Judgment,,0,1,1,1052.98,1,1964.0,1,1,1,0,1,0,1,1,5008.0,3044.0,26.5,,,0.2323904537598055,1
southwest,1,Dormant Judgment,,0,0,1,2275.09,1,1365.0,1,1,0,1,0,0,1,1,3621.0,2256.0,27.0,,,0.1464620935435521,1
midwest,1,Dormant Judgment,2075.07,1,0,1,2075.07,1,484.0,1,1,1,0,1,0,1,1,3568.0,3084.0,23.9444,218.1748115,0.08290510146645655,0.08290510146645655,1
midwest,1,Dormant Judgment,1077.29,1,0,1,1375.03,1,1757.0,1,1,1,0,1,0,1,1,2787.0,1030.0,11.6667,,0.22924962944054064,0.17960941455822782,1
southwest,1,Dormant Judgment,362.54,1,1,1,1114.9,1,1166.0,1,1,1,0,1,0,1,1,2048.0,882.0,0.0,,3.7217686324267665,1.210234101713158,1
northeast,1,Dormant Judgment,235.32,1,1,1,501.54,1,985.0,1,0,1,0,0,0,1,1,1980.0,995.0,0.0,,1.4919258881523032,0.700003987717829,1
southeast,1,Dormant Judgment,3041.29,1,0,1,5037.57,1,1161.0,1,1,1,0,1,0,1,1,7470.0,6309.0,0.0,,1.6440392070470098,0.9925420391180669,1
southwest,1,Dormant Judgment,,0,0,1,1347.17,1,1312.0,0,1,0,0,0,0,1,1,2971.0,1659.0,0.0,,,0.7422968148043676,1
midwest,1,Suit,1368.58,1,0,0,,0,,0,1,1,0,0,0,0,0,263.0,,64.0,,0.25,,1
midwest,1,Suit,1562.84,1,0,0,,0,,0,1,1,0,0,0,0,0,229.0,,51.3333,,0.16666666664533797,,1
midwest,1,Suit,963.88,1,0,0,,0,,0,1,1,0,0,0,0,0,251.0,,7.6667,,0.33333333329875087,,1
midwest,1,Suit,862.81,1,0,1,980.93,1,469.0,0,1,1,0,0,0,0,1,300.0,-169.0,91.5,93.51706049,0.3267231487813076,0.2873803431437513,1
midwest,1,Suit,702.63,1,1,1,893.87,1,447.0,0,1,1,1,0,0,1,1,613.0,166.0,0.0,,1.3335895136843003,1.0482732388378624,1
midwest,1,Suit,831.85,1,0,1,1050.85,1,488.0,0,1,1,1,0,0,1,1,335.0,-153.0,189.0,96.12390082,0.7194386007092625,0.5695056382928106,1
midwest,1,Suit,1014.76,1,0,1,1334.94,1,503.0,0,1,1,0,1,0,1,1,532.0,29.0,13.4444,,0.15330280618077183,0.11653374353903546,1
west,1,Dormant Judgment,,0,0,1,1898.52,1,1107.0,1,0,1,0,0,0,1,1,3738.0,2631.0,15.25,,,0.2325495649242568,1
southeast,1,Dormant Judgment,,0,1,1,4503.44,1,1431.0,1,1,1,0,1,0,1,1,4000.0,2569.0,6.8542,,,0.02867414503135381,1
northeast,1,Dormant Judgment,,0,1,1,1186.29,1,1874.0,1,1,1,0,1,0,1,1,4068.0,2194.0,0.0,,,1.631776378457207,1
southeast,1,Dormant Judgment,2210.52,1,1,1,2758.45,1,12.0,1,1,1,1,1,0,1,1,469.0,457.0,184.8571,84.57396395,0.23254773926496933,0.18635517359386614,1
southeast,1,Dormant Judgment,3597.68,1,1,1,4637.06,1,102.0,0,1,1,0,1,0,1,1,1609.0,1507.0,17.2683,248.9570589,0.03931537721531654,0.03050297953875947,1
southeast,1,Dormant Judgment,,0,0,1,5264.73,1,2440.0,1,1,1,0,1,0,1,1,5087.0,2647.0,39.0,321.480109,,0.07844276914485644,0
southeast,1,Dormant Judgment,,0,1,1,2264.97,1,430.0,1,1,1,1,0,0,1,1,403.0,-27.0,1892.0,6.228571083,,0.1710309628825106,0
west,1,Dormant Judgment,3403.52,1,0,1,3651.55,1,1745.0,1,1,1,1,0,0,0,1,3301.0,1556.0,28.0,,0.18145625705152313,0.169130917007846,1
midwest,1,Suit,788.41,1,0,0,,0,,0,1,1,0,0,0,0,0,1577.0,,0.0,,0.4250009512816935,,1
midwest,1,Suit,981.5,1,0,0,,0,,0,1,1,0,0,0,0,0,980.0,,26.0,,0.13172258206826284,,1
midwest,1,Suit,772.69,1,0,0,,0,,0,1,1,0,0,0,0,0,1319.0,,0.0,,0.6988572389962339,,1
midwest,0,Suit,2949.91,1,0,0,,0,,0,1,1,0,0,0,0,0,553.0,,0.0,,1.0,,1
midwest,1,Suit,1166.58,1,0,0,,0,,0,1,1,0,0,0,0,0,516.0,,28.6364,,0.08572065353426254,,1
midwest,1,Suit,1457.3,1,0,0,,0,,0,1,1,0,0,0,0,0,621.0,,27.8182,,0.09090909092156728,,1
midwest,1,Suit,2655.01,1,0,1,2986.64,1,1224.0,0,1,1,1,1,0,1,1,1267.0,43.0,35.8571,,0.17270744742957653,0.1535303886641845,1
midwest,1,Suit,2017.04,1,0,0,,0,,0,1,1,0,0,0,0,0,1070.0,,29.8,102.8352537,0.05,,1
midwest,1,Suit,1432.48,1,0,0,,0,,0,1,1,0,0,0,0,0,988.0,,0.0,,0.5584720205517704,,1
west,1,Dormant Judgment,,0,0,0,2104.24,1,806.0,1,0,1,0,0,0,1,0,3423.0,2617.0,0.0,,,0.6178002509219481,1
midwest,1,Dormant Judgment,,0,0,1,1060.56,1,2178.0,1,0,1,0,1,0,1,0,3382.0,1204.0,25.5,,,0.09054807523383873,1
southeast,1,Dormant Judgment,2337.27,1,1,1,2492.77,1,2318.0,0,1,1,0,1,0,1,0,3646.0,1328.0,20.0,,0.45672800617814796,0.4282371285758413,1
southeast,1,Dormant Judgment,1369.93,1,0,1,1468.24,1,715.0,1,1,1,0,1,0,1,1,3752.0,3037.0,9.4,,0.1700780331841773,0.15868999618590968,1
midwest,1,Dormant Judgment,,0,1,1,1416.07,1,1575.0,0,1,1,0,0,0,1,0,2960.0,1385.0,12.4444,,,0.15386245030259804,1
northeast,1,Dormant Judgment,1097.22,1,1,1,1174.73,1,984.0,1,1,1,0,1,0,1,1,3251.0,2267.0,47.1429,,0.17260635323818377,0.1612175928936862,1
midwest,1,Dormant Judgment,3511.03,1,0,1,3511.03,1,1310.0,1,0,1,0,0,0,1,0,1915.0,605.0,0.0,,0.0502416669752181,0.0502416669752181,0
northeast,1,Dormant Judgment,499.68,1,1,1,945.23,1,1773.0,1,1,0,0,0,0,1,1,3286.0,1513.0,0.0,,1.399375600384246,0.7397564613903495,1
northeast,1,Suit,,0,0,0,,0,,0,1,1,0,0,0,0,0,98.0,,26.5,,,,1
west,1,Dormant Judgment,,0,1,1,18601.09,1,4109.0,1,1,1,0,0,0,1,1,4533.0,424.0,0.0,,,0.32256174234950746,1
midwest,1,Dormant Judgment,,0,0,1,3551.94,1,1433.0,1,1,1,0,1,0,1,1,3943.0,2510.0,27.4444,,,0.14772615652291424,1
northeast,1,Dormant Judgment,,0,1,1,1274.19,1,1012.0,1,1,1,1,1,0,1,1,4821.0,3809.0,26.3333,,,0.22516090834177002,1
northeast,1,Suit,,0,1,1,1505.8,1,535.0,0,1,1,0,1,0,1,1,186.0,-349.0,415.0,48.7048806,,0.4412787222738743,1
southeast,1,Dormant Judgment,,0,1,1,1449.87,1,387.0,1,1,1,1,0,0,1,1,228.0,-159.0,16.0,,,0.026209246346224145,0
southwest,1,Dormant Judgment,833.01,1,0,1,1093.71,1,878.0,1,0,1,0,0,0,1,1,2572.0,1694.0,4.0,,1.5610616919364715,1.188962339194119,1
midwest,1,Dormant Judgment,4044.9,1,1,1,7250.62,1,1102.0,1,1,1,0,1,0,1,1,3261.0,2159.0,0.0,,2.348636554673787,1.3102327800932887,1
midwest,1,Dormant Judgment,,0,0,1,2036.72,1,1704.0,1,0,1,0,0,0,1,1,1729.0,25.0,876.5,0.18220553,,0.002577673907066263,0
southwest,1,Dormant Judgment,,0,0,1,5803.67,1,1686.0,1,1,0,1,0,0,1,1,2673.0,987.0,72.425,80.79185517,,0.03313610181144001,0
northeast,1,Dormant Judgment,2408.73,1,1,1,4070.94,1,1579.0,1,0,1,0,0,0,0,0,1816.0,237.0,10.3333,,0.015308897219696686,0.009058104516401617,0
southeast,1,Dormant Judgment,1848.44,1,0,1,2099.82,1,340.0,1,1,1,1,0,0,1,1,2978.0,2638.0,92.6786,43.25665865,0.0712703298998074,0.0627382007029174,0
west,1,Dormant Judgment,2992.49,1,0,1,4241.16,1,1242.0,1,1,1,1,0,0,1,1,4174.0,2932.0,0.0,,2.5053450471012435,1.76772864027766,1
southeast,1,Dormant Judgment,,0,1,1,6163.33,1,1135.0,1,1,1,1,1,0,1,1,4114.0,2979.0,7.4554,425.9807509,,0.016952067810745167,1
northeast,1,Dormant Judgment,,0,0,0,10993.56,1,841.0,1,0,0,0,0,0,1,1,5393.0,4552.0,15.0,,,0.2956276219896012,1
west,1,Dormant Judgment,1133.2,1,1,1,1367.2,1,772.0,1,0,1,0,0,0,1,1,1558.0,786.0,1.5,,0.44122837980938934,0.36571094207138677,1
west,1,Dormant Judgment,4969.25,1,0,1,6387.74,1,877.0,1,1,1,1,0,0,1,1,3830.0,2953.0,0.0,,2.256072848015294,1.755079261209755,1
midwest,1,Dormant Judgment,1167.68,1,0,0,1167.68,1,1726.0,1,0,1,1,1,0,1,1,2955.0,1229.0,10.6667,,0.3905179501233214,0.3905179501233214,1
southeast,1,Suit,410.0,1,0,0,,0,,1,0,1,0,0,0,0,0,359.0,,9.3333,,0.24552845536585363,,1
southwest,1,Suit,300.0,1,0,0,,0,,1,0,0,0,0,0,0,0,853.0,,0.0,,1.0,,1
southwest,1,Dormant Judgment,,0,0,1,3384.55,1,937.0,1,1,0,0,0,0,0,1,4242.0,3305.0,0.0,,,1.4527396551978844,1
northeast,1,Dormant Judgment,1566.33,1,1,1,1665.66,1,1329.0,1,0,1,0,0,0,1,1,4418.0,3089.0,0.0,,0.8123192430713834,0.7638773819386909,1
southeast,1,Dormant Judgment,2452.84,1,1,1,3078.95,1,985.0,1,1,1,0,1,0,1,1,4906.0,3921.0,7.9429,384.2564693,0.04095503290063763,0.0326267535685867,1
southeast,1,Dormant Judgment,2084.5,1,1,1,2502.56,1,1041.0,1,1,1,0,1,0,1,1,4811.0,3770.0,11.4545,,0.2474310386183737,0.20609695671632247,1
west,1,Dormant Judgment,1562.19,1,0,1,2554.21,1,948.0,1,1,1,1,0,0,1,1,4145.0,3197.0,0.0,,3.0392333839033663,1.8588369789484809,1
west,1,Dormant Judgment,,0,0,1,8301.19,1,1330.0,1,1,1,0,1,0,1,1,3496.0,2166.0,28.9167,,,0.13763558803014989,1
northeast,1,Dormant Judgment,1775.12,1,1,1,2031.16,1,2582.0,1,1,1,0,1,0,1,1,7467.0,4885.0,24.0,,0.29133016359457387,0.25460623486086764,1
midwest,1,Dormant Judgment,3810.0,1,1,1,3810.0,1,937.0,0,1,1,0,1,0,0,1,3331.0,2394.0,15.303,380.6676189,0.050333333333333334,0.050333333333333334,1
midwest,1,Dormant Judgment,1041.85,1,0,1,1327.71,1,1474.0,1,1,1,0,1,0,1,1,3413.0,1939.0,21.0,,0.14065800787061478,0.11037391109504334,1
northeast,1,Dormant Judgment,745.22,1,0,1,1077.67,1,122.0,1,1,1,1,1,0,1,1,7344.0,7222.0,25.5,,0.6940567885993398,0.4799474792840109,1
midwest,0,Dormant Judgment,,0,1,1,20330.68,1,1343.0,1,0,1,0,0,0,1,1,4246.0,2903.0,25.8571,,,0.0025998708779047235,0
northeast,1,Dormant Judgment,,0,1,1,3726.53,1,1178.0,1,1,1,0,1,0,0,1,3481.0,2303.0,21.4444,271.5856776,,0.051435696666872394,1
northeast,1,Dormant Judgment,,0,1,1,1500.12,1,1223.0,1,1,1,0,0,0,0,1,3184.0,1961.0,29.0,,,0.21682741574007414,1
midwest,1,Dormant Judgment,3240.68,1,1,1,3405.68,1,1060.0,1,1,1,0,0,0,1,0,1134.0,74.0,35.8462,44.62788424,0.016235908704346002,0.015449303698527168,0
northeast,1,Dormant Judgment,,0,1,1,1787.57,1,769.0,1,0,1,0,0,0,1,1,3402.0,2633.0,25.0,,,0.10981388141443413,1
southwest,1,Dormant Judgment,4428.84,1,0,1,4584.69,1,1071.0,1,1,1,1,1,0,1,1,2991.0,1920.0,12.9286,,0.04419594875859142,0.04269357049222522,1
west,1,Dormant Judgment,,0,0,1,11754.61,1,1841.0,1,1,1,0,0,0,0,1,2069.0,228.0,14.9701,157.8315412,,0.006607334636368199,0
west,1,Dormant Judgment,,0,0,0,7197.86,1,1600.0,1,0,1,0,0,0,1,1,5093.0,3493.0,0.0,,,0.6806780070743249,1
southeast,1,Dormant Judgment,,0,1,1,6125.37,1,589.0,1,1,1,0,1,0,1,1,609.0,20.0,57.3366,49.78036512,,0.015311970566675973,0
southwest,1,Dormant Judgment,1919.47,1,0,1,1564.54,1,777.0,1,1,1,0,1,0,1,1,1846.0,1069.0,21.0,,0.25084528541732876,0.307751799250898,1
midwest,1,Suit,890.25,1,0,0,,0,,0,1,1,0,0,0,0,0,362.0,,25.1667,,0.16666666666666666,,1
midwest,1,Suit,776.07,1,1,1,776.07,1,295.0,0,1,1,0,1,0,1,1,539.0,244.0,12.0,,0.21392032020307447,0.21392032020307447,1
midwest,1,Suit,832.97,1,0,0,,0,,0,1,1,0,0,0,0,0,162.0,,0.0,,1.0,,1
midwest,1,Suit,924.7,1,0,1,1207.76,1,862.0,0,1,1,0,0,0,0,1,1058.0,196.0,25.3333,,0.235288922569482,0.18014478596741076,1
northeast,1,Dormant Judgment,,0,1,1,6515.27,1,430.0,0,1,1,0,1,0,1,1,3731.0,3301.0,28.4375,488.3903666,,0.07019039502583929,1
midwest,1,Dormant Judgment,1316.3,1,0,0,1316.3,1,1210.0,1,0,1,0,0,0,1,1,3840.0,2630.0,0.0,,0.43683050976221227,0.43683050976221227,1
northeast,1,Dormant Judgment,2142.33,1,1,1,2801.61,1,1126.0,1,1,1,0,1,0,1,1,4617.0,3491.0,30.4545,,0.22805034280432987,0.17438511816419844,1
northeast,1,Dormant Judgment,2745.25,1,0,1,2988.95,1,1305.0,0,1,1,0,1,0,0,0,4918.0,3613.0,29.0,228.9595281,0.07966019229578362,0.07316520614262534,1
southeast,1,Dormant Judgment,1787.27,1,0,0,1394.88,1,1248.0,1,0,1,0,0,0,1,1,3112.0,1864.0,0.0,,0.37622183553688027,0.48205580408350535,1
southeast,1,Dormant Judgment,6050.44,1,0,1,7541.12,1,393.0,1,1,1,0,0,0,0,1,5714.0,5321.0,0.0,,1.6527723603572635,1.326062972078418,1
southeast,1,Dormant Judgment,2134.39,1,1,1,2359.77,1,989.0,1,1,1,0,0,0,0,1,2346.0,1357.0,35.8333,247.3285197,0.13673969298019575,0.12367977951241009,1
northeast,1,Dormant Judgment,,0,1,1,4425.33,1,708.0,1,1,1,0,0,0,0,1,2152.0,1444.0,32.5833,374.7206221,,0.09087928658427734,1
northeast,1,Dormant Judgment,1133.71,1,1,1,1689.47,1,839.0,1,1,0,0,0,0,0,1,2441.0,1602.0,50.7333,70.67894802,0.10405188866641381,0.06982347523187744,1
